cg19237985	BARD1
cg26049092	BARD1
cg06344116	AC072062.1;BARD1
cg21261027	AC072062.1;BARD1
cg14238622	AC072062.1;BARD1
cg09259456	AC072062.1;BARD1
cg04004882	AC072062.1;BARD1
cg23075101	AC072062.1;BARD1
cg24591349	AC072062.1;BARD1
cg04737361	AC072062.1;BARD1
cg09243735	AC072062.1;BARD1
cg02461691	AC072062.1;BARD1
cg02172142	AC072062.1;BARD1
cg12091944	AC072062.1;BARD1
cg24715680	AC072062.1;BARD1
cg08563601	AC072062.1;BARD1
cg24607575	AC072062.1;BARD1
cg14761454	ATM;NPAT
cg01991180	ATM;NPAT
cg27453365	ATM;NPAT
cg17420659	ATM;NPAT
cg12106634	ATM;NPAT
cg27599391	ATM;NPAT
cg03569616	ATM;NPAT
cg09808176	ATM;NPAT
cg18042593	ATM;NPAT
cg25918541	ATM;NPAT
cg05637308	ATM;NPAT
cg01800843	ATM;NPAT
cg23389069	ATM;NPAT
cg11588932	ATM;NPAT
cg12019961	ATM;NPAT
cg23275463	ATM;NPAT
cg17114932	ATM;NPAT
cg22678707	ATM;NPAT
cg04826772	ATM;NPAT
cg25740661	ATM;NPAT
cg24568245	ATM;NPAT
cg06081482	ATM;NPAT
cg02105423	ATM;NPAT
cg10976287	ATM;NPAT
cg19288979	ATM;NPAT
cg10610482	ATM;NPAT
cg12848864	ATM;NPAT
cg03165700	ATM;NPAT
cg15504467	ATM;NPAT
cg05033322	ATM;NPAT
cg16693212	ATM;NPAT
cg20342375	ATM;NPAT
cg15370815	ATM;NPAT
cg16788234	ATM;NPAT
cg22837512	ATM;NPAT
cg24030675	ATM;NPAT
cg06053805	ATM;NPAT
cg06750635	ATM;NPAT
cg25400013	ATM;NPAT
cg18391757	ATM;NPAT
cg18457775	ATM;NPAT
cg04709886	ATM;NPAT
cg01756564	ATM;NPAT
cg22477592	ATM;NPAT
cg05231509	ATM;NPAT
cg24027342	ATM
cg03092399	ATM
cg19643901	ATM
cg19892525	ATM
cg12139707	ATM
cg05471373	ATM
cg27627854	ATM
cg04770025	ATM
cg02511767	ATM;C11orf65
cg17066171	ATM;C11orf65
cg08954307	ATM;C11orf65
cg15535686	ATM;C11orf65
cg21681962	ATM;C11orf65
cg12836863	BRCA2;ZAR1L
cg26458617	BRCA2;ZAR1L
cg08193369	BRCA2;ZAR1L
cg25753010	BRCA2;ZAR1L
cg19634711	BRCA2;ZAR1L
cg09698981	BRCA2;ZAR1L
cg05153735	BRCA2;ZAR1L
cg00031759	BRCA2;ZAR1L
cg20073910	BRCA2;ZAR1L
cg27253386	BRCA2;ZAR1L
cg08157964	BRCA2;ZAR1L
cg09102017	BRCA2;ZAR1L
cg15865175	BRCA2;ZAR1L
cg22682213	BRCA2;ZAR1L
cg25497877	BRCA2;ZAR1L
cg23628297	BRCA2
cg03777697	BRCA2
cg06935361	BRCA2
cg16725191	BRCA2
cg05394187	CHEK2P2
cg07051786	CHEK2P2
cg12688597	CHEK2P2
cg27041463	CHEK2P2
cg26888284	CHEK2P2
cg17400285	CHEK2P2
cg25792453	CHEK2P2
cg17875935	GATM
cg10760299	GATM
cg05280133	GATM;GATM-AS1
cg14910265	GATM;GATM-AS1
cg11431346	GATM;GATM-AS1
cg01145430	GATM;GATM-AS1
cg25908973	GATM;GATM-AS1
cg10088041	GATM;GATM-AS1
cg00645339	GATM;GATM-AS1
cg26796135	GATM;GATM-AS1
cg24328539	GATM;GATM-AS1
cg05896902	GATM;GATM-AS1
cg04025675	GATM;GATM-AS1
cg20381115	GATM;GATM-AS1
cg18435832	GATM;GATM-AS1
cg15744692	GATM;GATM-AS1
cg11032707	GATM;GATM-AS1
cg00767496	GATM;GATM-AS1
cg04980849	GATM;GATM-AS1
cg06246941	GATM;GATM-AS1
cg01329394	GATM
cg22340747	GATM
cg14582100	GATM;SPATA5L1
cg10381488	GATM;SPATA5L1
cg26924012	GATM;SPATA5L1
cg21132104	GATM;SPATA5L1
cg14025299	GATM;SPATA5L1
cg08642237	GATM;SPATA5L1
cg20122548	GATM;SPATA5L1
cg05718884	GATM;SPATA5L1
cg11821927	GATM;SPATA5L1
cg25215329	GATM;SPATA5L1
cg14208924	GATM;SPATA5L1
cg16801491	GATM;SPATA5L1
cg05695927	GATM;SPATA5L1
cg03981352	GATM;SPATA5L1
cg05785653	GATM;SPATA5L1
cg10514594	PALB2
cg15042806	DCTN5;PALB2
cg08350734	DCTN5;PALB2
cg09500317	DCTN5;PALB2
cg05534473	DCTN5;PALB2
cg16426870	DCTN5;PALB2
cg09705885	DCTN5;PALB2
cg07627390	DCTN5;PALB2
cg07866179	DCTN5;PALB2
cg10269081	DCTN5;PALB2
cg08762306	DCTN5;PALB2
cg05002041	DCTN5;PALB2
cg27568561	DCTN5;PALB2
cg04961445	DCTN5;PALB2
cg00905951	DCTN5;PALB2
cg02735133	DCTN5;PALB2
cg03524104	DCTN5;PALB2
cg04035070	DCTN5;PALB2
cg10358212	ATMIN;RP11-303E16.3
cg08120592	ATMIN;RP11-303E16.3
cg01476569	ATMIN;RP11-303E16.3
cg03251054	ATMIN;RP11-303E16.3
cg09080729	ATMIN;RP11-303E16.3
cg22734315	ATMIN;RP11-303E16.3
cg05568557	ATMIN;RP11-303E16.3
cg05621273	ATMIN;RP11-303E16.3
cg09619706	ATMIN;RP11-303E16.3
cg00291054	ATMIN
cg10492129	ATMIN
cg08154963	RAD51D;RAD51L3-RFFL
cg09457645	RAD51D;RAD51L3-RFFL
cg13337740	RAD51D;RAD51L3-RFFL
cg02740947	RAD51D;RAD51L3-RFFL
cg10960666	RAD51D;RAD51L3-RFFL
cg03433329	RAD51D;RAD51L3-RFFL
cg18603466	RAD51D;RAD51L3-RFFL
cg14330853	RAD51D;RAD51L3-RFFL
cg11295144	RAD51D;RAD51L3-RFFL
cg23202316	RAD51D;RAD51L3-RFFL
cg19223675	RAD51D;RAD51L3-RFFL
cg16296356	FNDC8;RAD51D;RAD51L3-RFFL
cg16629942	FNDC8;RAD51D;RAD51L3-RFFL
cg26683137	FNDC8;RAD51D;RAD51L3-RFFL
cg09155905	FNDC8;RAD51D;RAD51L3-RFFL
cg17574251	FNDC8;RAD51D;RAD51L3-RFFL
cg01879757	BRCA1
cg16029534	BRCA1
cg16919093	BRCA1
cg18830083	BRCA1
cg27383744	BRCA1
cg07054526	BRCA1
cg14048487	BRCA1
cg13782816	BRCA1
cg04582861	BRCA1;NBR2
cg12984107	BRCA1;NBR2
cg19531713	BRCA1;NBR2
cg19088651	BRCA1;NBR2
cg08386886	BRCA1;NBR2
cg08993267	BRCA1;NBR2
cg24806953	BRCA1;NBR2
cg20187250	BRCA1;NBR2
cg15419295	BRCA1;NBR2
cg16963062	BRCA1;NBR2
cg16630982	BRCA1;NBR2
cg21253966	BRCA1;NBR2
cg04110421	BRCA1;NBR2
cg04658354	BRCA1;NBR2
cg17301289	BRCA1;NBR2
cg09441966	BRCA1;NBR2
cg26891576	BRCA1;NBR2
cg20760063	BRCA1;NBR2
cg10893007	BRCA1;NBR2
cg11126247	BRCA1;NBR2
cg12182452	BRCA1;NBR2
cg09831010	BRCA1;NBR2
cg25067162	BRCA1;NBR2
cg26276233	BRCA1;NBR2
cg06001716	BRCA1;NBR2
cg02286533	BRCA1;NBR2
cg14947218	BRCA1;NBR2
cg16006004	BRCA1;NBR2
cg18372208	BRCA1;NBR2
cg14687474	BRCA1;NBR2
cg25288140	BRCA1;NBR2
cg19454999	BRCA1;NBR2
cg15065591	BRCA1;NBR2
cg11529738	BRCA1;NBR2
cg26370022	BRCA1;NBR2
cg24900425	BRCA1;NBR2
cg19442659	BRCA1;NBR2
cg27581762	BRCA1;NBR2
cg10609677	BRCA1;NBR2
cg05815247	BRCA1;NBR2
cg06973652	BRCA1;NBR2
cg25738236	BRCA1;NBR2
cg11964474	BRCA1;NBR2
cg20185525	BRCA1;NBR2
cg26879546	BRCA1;NBR2
cg12778183	RAD51C;TEX14
cg19532212	RAD51C;TEX14
cg07329131	RAD51C;TEX14
cg19208681	RAD51C;TEX14
cg16398362	RAD51C;TEX14
cg02110529	RAD51C;TEX14
cg25339112	RAD51C;TEX14
cg01430588	RAD51C;TEX14
cg23436779	RAD51C;TEX14
cg05214530	RAD51C;TEX14
cg27221688	RAD51C;TEX14
cg02118635	RAD51C;TEX14
cg10487724	RAD51C;TEX14
cg24099023	RAD51C;TEX14
cg14066645	RAD51C;TEX14
cg15549767	BRIP1
cg13844248	BRIP1
cg14757157	BRIP1
cg18828268	BRIP1
cg11872651	BRIP1
cg00869632	BRIP1
cg11212038	BRIP1
cg05377417	BRIP1
cg00515161	BRIP1
cg11529614	BRIP1
cg12435611	BRIP1
cg05986149	BRIP1
cg06257227	BRIP1
cg21194785	CHEK2
cg19664549	CHEK2
cg25112853	CHEK2;HSCB
cg22501760	CHEK2;HSCB
cg13900031	CHEK2;HSCB
cg22585269	CHEK2;HSCB
cg05718343	CHEK2;HSCB
cg23369563	CHEK2;HSCB
cg04776735	CHEK2;HSCB
cg07364676	CHEK2;HSCB
cg17257676	CHEK2;HSCB
cg16926844	CHEK2;HSCB
cg13497074	CHEK2;HSCB
cg16247644	CHEK2;HSCB
cg16189954	CHEK2;HSCB
cg01875775	CHEK2;HSCB
cg11292385	CHEK2;HSCB
cg23680480	CHEK2;HSCB
